seed,modality,fold,label,target,n,pearson,spearman
42,emg,-1,-1,loss,85,0.007276543657944806,-0.37451631815516906
42,emg,-1,-1,offset,85,0.9399805764969487,0.9629470392808286
42,emg,-1,-1,abs_gap,85,0.8130556051835485,0.7437756497948017
42,emg,-1,0,loss,23,0.8142707087170634,0.6808300395256918
42,emg,-1,0,offset,23,0.9449836516282594,0.9357707509881423
42,emg,-1,0,abs_gap,23,0.7890255642054529,0.7361660079051384
42,emg,-1,1,loss,62,-0.5532537485975448,-0.7801113041726474
42,emg,-1,1,offset,62,0.9393741639428748,0.9727027775679283
42,emg,-1,1,abs_gap,62,0.8256766768105906,0.7449069527334996
42,emg,0,-1,loss,17,-0.19348311611920269,-0.49019607843137264
42,emg,0,-1,offset,17,0.943531272233646,0.9558823529411765
42,emg,0,-1,abs_gap,17,0.471596424309608,0.6862745098039217
42,emg,0,0,loss,4,0.49279582123254895,0.7999999999999999
42,emg,0,0,offset,4,0.8608723234718609,0.7999999999999999
42,emg,0,0,abs_gap,4,0.22743913738636595,0.39999999999999997
42,emg,0,1,loss,13,-0.4019539707052334,-0.9340659340659341
42,emg,0,1,offset,13,0.9706757645063568,0.9835164835164836
42,emg,0,1,abs_gap,13,0.5820712943988733,0.7197802197802198
42,emg,1,-1,loss,17,-0.20008670349438074,-0.5171568627450981
42,emg,1,-1,offset,17,0.9727863493329714,0.9901960784313727
42,emg,1,-1,abs_gap,17,0.9894689080648625,0.8088235294117647
42,emg,1,0,loss,4,0.9941410998291464,1.0
42,emg,1,0,offset,4,0.9957578517476456,1.0
42,emg,1,0,abs_gap,4,0.9785045411950404,0.7999999999999999
42,emg,1,1,loss,13,-0.7732831726949737,-0.945054945054945
42,emg,1,1,offset,13,0.9741196530455078,0.9945054945054945
42,emg,1,1,abs_gap,13,0.9913479567839849,0.8186813186813187
42,emg,2,-1,loss,17,0.6046731156020683,-0.10294117647058824
42,emg,2,-1,offset,17,0.9751136486988712,0.982843137254902
42,emg,2,-1,abs_gap,17,0.9662120114069948,0.8137254901960784
42,emg,2,0,loss,5,0.9995834926340386,0.9999999999999999
42,emg,2,0,offset,5,0.9906618989578326,0.9999999999999999
42,emg,2,0,abs_gap,5,0.9974318084053178,0.9999999999999999
42,emg,2,1,loss,12,-0.755189527534397,-0.9160839160839163
42,emg,2,1,offset,12,0.9946221651270951,0.9790209790209792
42,emg,2,1,abs_gap,12,0.9122914366667051,0.5944055944055945
42,emg,3,-1,loss,17,0.1490120715376532,-0.06617647058823531
42,emg,3,-1,offset,17,0.8469933523170928,0.9387254901960785
42,emg,3,-1,abs_gap,17,0.6491658018773769,0.5416666666666667
42,emg,3,0,loss,5,-0.6188210004215423,-0.19999999999999998
42,emg,3,0,offset,5,0.8731713323432257,0.8999999999999998
42,emg,3,0,abs_gap,5,0.8038720988085724,0.6
42,emg,3,1,loss,12,0.40622486979626915,-0.006993006993006993
42,emg,3,1,offset,12,0.8471031733725222,0.9300699300699302
42,emg,3,1,abs_gap,12,0.5735556005290092,0.46153846153846156
42,emg,4,-1,loss,17,-0.07673389663677065,-0.5759803921568628
42,emg,4,-1,offset,17,0.9497945578180882,0.9779411764705883
42,emg,4,-1,abs_gap,17,0.8176533694258492,0.661764705882353
42,emg,4,0,loss,5,0.7090089111381003,0.7
42,emg,4,0,offset,5,0.9674837241246403,0.7
42,emg,4,0,abs_gap,5,0.7147872005038154,0.7
42,emg,4,1,loss,12,-0.8362408011831999,-0.9090909090909092
42,emg,4,1,offset,12,0.9534807140790291,0.9790209790209792
42,emg,4,1,abs_gap,12,0.9275418652613705,0.9090909090909092
42,table,-1,-1,loss,85,-0.2324808444840406,-0.8568497166308383
42,table,-1,-1,offset,85,0.6003491722660417,0.5411960132890364
42,table,-1,-1,abs_gap,85,0.941487495753165,0.9477037326558531
42,table,-1,0,loss,23,-0.12939129095283464,-0.7865612648221343
42,table,-1,0,offset,23,0.5574798245245992,0.5405138339920948
42,table,-1,0,abs_gap,23,0.9372459655181544,0.9061264822134387
42,table,-1,1,loss,62,-0.2658166714219853,-0.8688020951373676
42,table,-1,1,offset,62,0.6363100449841521,0.6052982800735314
42,table,-1,1,abs_gap,62,0.9428576480001879,0.9403188033542343
42,table,0,-1,loss,17,-0.02639008064546007,-0.8553921568627452
42,table,0,-1,offset,17,0.7235264745710177,0.6666666666666667
42,table,0,-1,abs_gap,17,0.98966530531166,0.9975490196078433
42,table,0,0,loss,4,-0.5361772241481433,-1.0
42,table,0,0,offset,4,0.9691334882588584,0.7999999999999999
42,table,0,0,abs_gap,4,0.9967226768889283,1.0
42,table,0,1,loss,13,0.05957768000903787,-0.8406593406593407
42,table,0,1,offset,13,0.7270596520693228,0.6758241758241759
42,table,0,1,abs_gap,13,0.9892106675220581,0.9945054945054945
42,table,1,-1,loss,17,-0.2543811369499586,-0.8357843137254902
42,table,1,-1,offset,17,-0.40781384583376157,-0.36764705882352944
42,table,1,-1,abs_gap,17,0.9681955308029889,0.948529411764706
42,table,1,0,loss,4,-0.8855165889451534,-1.0
42,table,1,0,offset,4,0.8539389903939042,0.7999999999999999
42,table,1,0,abs_gap,4,0.9904845509302149,1.0
42,table,1,1,loss,13,-0.2933982942590014,-0.8241758241758241
42,table,1,1,offset,13,-0.47538274539965575,-0.37912087912087916
42,table,1,1,abs_gap,13,0.9741985133575484,0.945054945054945
42,table,2,-1,loss,17,-0.4303784041642329,-0.9534313725490198
42,table,2,-1,offset,17,0.7737641056798801,0.8039215686274511
42,table,2,-1,abs_gap,17,0.9898111721893719,0.9803921568627453
42,table,2,0,loss,5,-0.34206641131834703,-0.8999999999999998
42,table,2,0,offset,5,0.9932174077771958,0.8999999999999998
42,table,2,0,abs_gap,5,0.9978980618741125,0.9999999999999999
42,table,2,1,loss,12,-0.6171143504173467,-1.0
42,table,2,1,offset,12,0.713388757478757,0.7762237762237763
42,table,2,1,abs_gap,12,0.9873018188158312,1.0
42,table,3,-1,loss,17,-0.43843843247806835,-0.9534313725490198
42,table,3,-1,offset,17,0.8119199528577747,0.6568627450980393
42,table,3,-1,abs_gap,17,0.9814549212748831,0.9901960784313727
42,table,3,0,loss,5,-0.8624084034590552,-0.9999999999999999
42,table,3,0,offset,5,-0.8218672099982276,-0.19999999999999998
42,table,3,0,abs_gap,5,0.992337500164203,0.9999999999999999
42,table,3,1,loss,12,-0.5596268852351121,-0.9370629370629372
42,table,3,1,offset,12,0.9613209348862888,0.9370629370629372
42,table,3,1,abs_gap,12,0.9970068797865836,0.9930069930069931
42,table,4,-1,loss,17,-0.49286116301109273,-0.9583333333333335
42,table,4,-1,offset,17,-0.3634573755303844,-0.3823529411764707
42,table,4,-1,abs_gap,17,0.9707592511433556,0.9730392156862747
42,table,4,0,loss,5,-0.4434799936820064,-0.8999999999999998
42,table,4,0,offset,5,0.6752362062185249,0.8999999999999998
42,table,4,0,abs_gap,5,0.9952075764788441,0.8999999999999998
42,table,4,1,loss,12,-0.5634393688927382,-0.9510489510489512
42,table,4,1,offset,12,-0.642216087465437,-0.6223776223776225
42,table,4,1,abs_gap,12,0.9822665485011356,0.9580419580419581
42,us,-1,-1,loss,85,0.0547922428397912,-0.46140316591752983
42,us,-1,-1,offset,85,0.9395145749428033,0.8985147547391049
42,us,-1,-1,abs_gap,85,0.9706350983788721,0.9087746726597615
42,us,-1,0,loss,23,0.937170211881368,0.8754940711462451
42,us,-1,0,offset,23,0.9332715814967002,0.900197628458498
42,us,-1,0,abs_gap,23,0.9443361840509699,0.8804347826086957
42,us,-1,1,loss,62,-0.43389469466002895,-0.8960993175694392
42,us,-1,1,offset,62,0.9435644321644661,0.9046611770038527
42,us,-1,1,abs_gap,62,0.9751701041825643,0.9091939261161894
42,us,0,-1,loss,17,-0.04399542027601268,-0.5637254901960785
42,us,0,-1,offset,17,0.9401553099123952,0.8970588235294119
42,us,0,-1,abs_gap,17,0.9693476843982356,0.9705882352941178
42,us,0,0,loss,4,0.9999163726240551,1.0
42,us,0,0,offset,4,0.9203301726061788,1.0
42,us,0,0,abs_gap,4,0.9947598737292265,1.0
42,us,0,1,loss,13,-0.8663350334009188,-0.967032967032967
42,us,0,1,offset,13,0.9501428067984561,0.901098901098901
42,us,0,1,abs_gap,13,0.9776365667597761,0.967032967032967
42,us,1,-1,loss,17,-0.2461364872198663,-0.6176470588235294
42,us,1,-1,offset,17,0.9230954800048364,0.9019607843137255
42,us,1,-1,abs_gap,17,0.9785694827916069,0.9877450980392157
42,us,1,0,loss,4,0.9914041342272156,1.0
42,us,1,0,offset,4,0.9832872897216033,0.7999999999999999
42,us,1,0,abs_gap,4,0.9867350742217589,1.0
42,us,1,1,loss,13,-0.7206769855088067,-0.9780219780219779
42,us,1,1,offset,13,0.9170262750882916,0.9065934065934067
42,us,1,1,abs_gap,13,0.979285854374117,0.9780219780219779
42,us,2,-1,loss,17,-0.2274919607465503,-0.7426470588235294
42,us,2,-1,offset,17,0.9531739319969816,0.9779411764705883
42,us,2,-1,abs_gap,17,0.9875597045006821,0.9975490196078433
42,us,2,0,loss,5,0.9983647646467257,0.9999999999999999
42,us,2,0,offset,5,0.9935598102682275,0.9999999999999999
42,us,2,0,abs_gap,5,0.9923618134211082,0.9999999999999999
42,us,2,1,loss,12,-0.6147472529540245,-0.9930069930069931
42,us,2,1,offset,12,0.951505485245384,0.965034965034965
42,us,2,1,abs_gap,12,0.9925294070116951,0.9930069930069931
42,us,3,-1,loss,17,0.13894336315115297,-0.38970588235294124
42,us,3,-1,offset,17,0.9705506527473173,0.9877450980392157
42,us,3,-1,abs_gap,17,0.9882162564208825,0.911764705882353
42,us,3,0,loss,5,0.9943960797996125,0.9999999999999999
42,us,3,0,offset,5,0.9829774857851934,0.9999999999999999
42,us,3,0,abs_gap,5,0.9817635875576973,0.8999999999999998
42,us,3,1,loss,12,-0.7185155932802623,-0.9720279720279721
42,us,3,1,offset,12,0.9767474701712712,0.9860139860139862
42,us,3,1,abs_gap,12,0.9936748892256457,0.9370629370629372
42,us,4,-1,loss,17,0.386540062002852,-0.26470588235294124
42,us,4,-1,offset,17,0.9387874012569274,0.9044117647058825
42,us,4,-1,abs_gap,17,0.9606306002733597,0.9730392156862747
42,us,4,0,loss,5,0.9868717149161468,0.9999999999999999
42,us,4,0,offset,5,0.9605662233270057,0.8999999999999998
42,us,4,0,abs_gap,5,0.9841318045657537,0.9999999999999999
42,us,4,1,loss,12,-0.8710083072116702,-0.965034965034965
42,us,4,1,offset,12,0.9436334724016961,0.9230769230769231
42,us,4,1,abs_gap,12,0.9689614276129681,0.965034965034965
43,emg,-1,-1,loss,85,0.10435261365441478,-0.25462184873949584
43,emg,-1,-1,offset,85,0.9686891765991209,0.9853234316982608
43,emg,-1,-1,abs_gap,85,0.8004420975850861,0.6688098495212038
43,emg,-1,0,loss,23,0.7853030286106681,0.8013833992094862
43,emg,-1,0,offset,23,0.9747250032790221,0.9594861660079053
43,emg,-1,0,abs_gap,23,0.8393631278234979,0.8685770750988143
43,emg,-1,1,loss,62,-0.5786060532578015,-0.6414595452141724
43,emg,-1,1,offset,62,0.9664783381797003,0.9854448389614968
43,emg,-1,1,abs_gap,62,0.7849458766963385,0.586814736471003
43,emg,0,-1,loss,17,-0.15357904002472322,-0.41421568627450983
43,emg,0,-1,offset,17,0.9686049336617694,0.9803921568627453
43,emg,0,-1,abs_gap,17,0.8720041736382641,0.6593137254901962
43,emg,0,0,loss,4,0.9392312615802191,1.0
43,emg,0,0,offset,4,0.9956790568272242,1.0
43,emg,0,0,abs_gap,4,0.9640651212913602,1.0
43,emg,0,1,loss,13,-0.6720444727333303,-0.7967032967032966
43,emg,0,1,offset,13,0.966065542222099,0.9780219780219779
43,emg,0,1,abs_gap,13,0.8647258248851698,0.5879120879120878
43,emg,1,-1,loss,17,-0.14844141191639143,-0.482843137254902
43,emg,1,-1,offset,17,0.9809593534627199,0.9730392156862747
43,emg,1,-1,abs_gap,17,0.8384191181969416,0.6102941176470589
43,emg,1,0,loss,4,0.6211585763505709,0.39999999999999997
43,emg,1,0,offset,4,0.9459009567212551,1.0
43,emg,1,0,abs_gap,4,0.606499930998141,0.39999999999999997
43,emg,1,1,loss,13,-0.9052878804322844,-0.7307692307692307
43,emg,1,1,offset,13,0.9864391959475369,0.9725274725274725
43,emg,1,1,abs_gap,13,0.904887258636754,0.7307692307692307
43,emg,2,-1,loss,17,0.7276238884855327,0.28186274509803927
43,emg,2,-1,offset,17,0.8831068577935479,0.9779411764705883
43,emg,2,-1,abs_gap,17,0.8155864417092957,0.7892156862745099
43,emg,2,0,loss,5,0.9873340013976706,0.8999999999999998
43,emg,2,0,offset,5,0.9948526320873586,0.8999999999999998
43,emg,2,0,abs_gap,5,0.972418234205622,0.8999999999999998
43,emg,2,1,loss,12,0.10659396262824589,-0.04195804195804196
43,emg,2,1,offset,12,0.982726504787466,0.9510489510489512
43,emg,2,1,abs_gap,12,0.45341170904317085,0.7762237762237763
43,emg,3,-1,loss,17,0.28062109917393635,-0.33333333333333337
43,emg,3,-1,offset,17,0.9924789303649322,0.9901960784313727
43,emg,3,-1,abs_gap,17,0.9762042959080867,0.9583333333333335
43,emg,3,0,loss,5,0.965573849670574,0.8999999999999998
43,emg,3,0,offset,5,0.9934551202763048,0.9999999999999999
43,emg,3,0,abs_gap,5,0.975416864343783,0.8999999999999998
43,emg,3,1,loss,12,-0.966505162592872,-0.9510489510489512
43,emg,3,1,offset,12,0.9921311553861101,1.0
43,emg,3,1,abs_gap,12,0.9799781268302624,0.9510489510489512
43,emg,4,-1,loss,17,0.3351001858256194,-0.10049019607843139
43,emg,4,-1,offset,17,0.8952025583232077,0.9166666666666667
43,emg,4,-1,abs_gap,17,0.6933273144648546,0.6764705882352942
43,emg,4,0,loss,5,0.894827109008439,0.7
43,emg,4,0,offset,5,0.9434583393963919,0.9999999999999999
43,emg,4,0,abs_gap,5,0.6985922791969248,0.49999999999999994
43,emg,4,1,loss,12,-0.7998657463302092,-0.8811188811188813
43,emg,4,1,offset,12,0.9076420394451836,0.9020979020979022
43,emg,4,1,abs_gap,12,0.8092958443178793,0.8741258741258742
43,table,-1,-1,loss,85,-0.08272051174407175,-0.7813171780340044
43,table,-1,-1,offset,85,0.5216765002606178,0.4870236466679695
43,table,-1,-1,abs_gap,85,0.9641706361818361,0.9613249951143247
43,table,-1,0,loss,23,-0.03371695314708212,-0.6966403162055337
43,table,-1,0,offset,23,0.4744723881824179,0.5335968379446641
43,table,-1,0,abs_gap,23,0.952483768040182,0.9209486166007905
43,table,-1,1,loss,62,-0.08752335420078258,-0.8090201707335499
43,table,-1,1,offset,62,0.540688109920986,0.4983254010223868
43,table,-1,1,abs_gap,62,0.9643310167366674,0.9572914305859839
43,table,0,-1,loss,17,-0.2972823240517976,-0.8480392156862745
43,table,0,-1,offset,17,0.19030831337490553,0.009803921568627453
43,table,0,-1,abs_gap,17,0.9703115219432588,0.9754901960784315
43,table,0,0,loss,4,-0.621358202683836,-0.7999999999999999
43,table,0,0,offset,4,0.962337768509049,1.0
43,table,0,0,abs_gap,4,0.9948174140223055,0.7999999999999999
43,table,0,1,loss,13,-0.13328780485072175,-0.901098901098901
43,table,0,1,offset,13,-0.03507599766096878,0.016483516483516484
43,table,0,1,abs_gap,13,0.9845140372600611,0.9780219780219779
43,table,1,-1,loss,17,-0.12146753682987191,-0.6200980392156864
43,table,1,-1,offset,17,0.36005033604596137,0.35784313725490197
43,table,1,-1,abs_gap,17,0.9812036950726166,0.9558823529411765
43,table,1,0,loss,4,-0.648170507028087,-0.7999999999999999
43,table,1,0,offset,4,-0.16224631792626631,0.39999999999999997
43,table,1,0,abs_gap,4,0.9853975747537587,1.0
43,table,1,1,loss,13,-0.22815045361265157,-0.7142857142857143
43,table,1,1,offset,13,0.4729579901521032,0.41208791208791207
43,table,1,1,abs_gap,13,0.9803671067317871,0.9560439560439561
43,table,2,-1,loss,17,-0.28199975838785063,-0.928921568627451
43,table,2,-1,offset,17,0.7391740440441029,0.8039215686274511
43,table,2,-1,abs_gap,17,0.9862692058698158,0.9509803921568628
43,table,2,0,loss,5,0.21468708665826852,-0.7
43,table,2,0,offset,5,0.003743091100481266,-0.19999999999999998
43,table,2,0,abs_gap,5,0.9888224691061889,0.9999999999999999
43,table,2,1,loss,12,-0.6245310304575182,-0.9860139860139862
43,table,2,1,offset,12,0.8505641298971071,0.7902097902097903
43,table,2,1,abs_gap,12,0.9951958367525107,0.9860139860139862
43,table,3,-1,loss,17,-0.6420360546501628,-0.9632352941176472
43,table,3,-1,offset,17,0.8907319179639672,0.7622549019607844
43,table,3,-1,abs_gap,17,0.983740179639819,0.9754901960784315
43,table,3,0,loss,5,-0.8940293264427707,-0.9999999999999999
43,table,3,0,offset,5,-0.8971553791408615,-0.8999999999999998
43,table,3,0,abs_gap,5,0.9895053081677165,0.9999999999999999
43,table,3,1,loss,12,-0.7294187141966331,-0.9790209790209792
43,table,3,1,offset,12,0.9365725485396252,0.9370629370629372
43,table,3,1,abs_gap,12,0.9933912518934851,0.9790209790209792
43,table,4,-1,loss,17,0.15347151589052552,-0.6666666666666667
43,table,4,-1,offset,17,0.49726323296508457,0.24509803921568632
43,table,4,-1,abs_gap,17,0.9812120547397757,0.9803921568627453
43,table,4,0,loss,5,-0.7053427122141797,-0.8999999999999998
43,table,4,0,offset,5,0.9696741106026774,0.7999999999999999
43,table,4,0,abs_gap,5,0.998604542422514,0.9999999999999999
43,table,4,1,loss,12,0.3280396075866211,-0.5314685314685316
43,table,4,1,offset,12,0.3015065071986893,0.02097902097902098
43,table,4,1,abs_gap,12,0.9808518676138935,0.9930069930069931
43,us,-1,-1,loss,85,0.051093680478792126,-0.46636701192104746
43,us,-1,-1,offset,85,0.8901894400529398,0.8786984561266367
43,us,-1,-1,abs_gap,85,0.9383544048732906,0.928981825288255
43,us,-1,0,loss,23,0.8765841555609966,0.9061264822134387
43,us,-1,0,offset,23,0.9261446643245712,0.9021739130434783
43,us,-1,0,abs_gap,23,0.9213216946317373,0.933794466403162
43,us,-1,1,loss,62,-0.7256420756308047,-0.921835259751706
43,us,-1,1,offset,62,0.881100237416643,0.8747450328624311
43,us,-1,1,abs_gap,62,0.9435591135885942,0.923295812243459
43,us,0,-1,loss,17,0.13892003316918672,-0.46323529411764713
43,us,0,-1,offset,17,0.9626724880400432,0.965686274509804
43,us,0,-1,abs_gap,17,0.9949121567796037,0.9926470588235295
43,us,0,0,loss,4,0.9983166543053896,1.0
43,us,0,0,offset,4,0.990483939586825,1.0
43,us,0,0,abs_gap,4,0.9972390607880115,1.0
43,us,0,1,loss,13,-0.91590906729543,-0.9945054945054945
43,us,0,1,offset,13,0.9674587078264716,0.9560439560439561
43,us,0,1,abs_gap,13,0.9951539073853415,0.9945054945054945
43,us,1,-1,loss,17,-0.03775708352484547,-0.536764705882353
43,us,1,-1,offset,17,0.9576020554003322,0.9411764705882353
43,us,1,-1,abs_gap,17,0.9891822942355868,0.9901960784313727
43,us,1,0,loss,4,0.9810586574026705,1.0
43,us,1,0,offset,4,0.7378799904476608,0.39999999999999997
43,us,1,0,abs_gap,4,0.9830576277365667,1.0
43,us,1,1,loss,13,-0.6971789589240587,-0.9945054945054945
43,us,1,1,offset,13,0.9676485510528982,0.9725274725274725
43,us,1,1,abs_gap,13,0.9903263905154105,0.989010989010989
43,us,2,-1,loss,17,-0.40054421929378026,-0.7622549019607844
43,us,2,-1,offset,17,0.6289735508113948,0.5196078431372549
43,us,2,-1,abs_gap,17,0.9570924298958656,0.965686274509804
43,us,2,0,loss,5,0.49312744952134746,0.6
43,us,2,0,offset,5,0.8261447245305074,0.8999999999999998
43,us,2,0,abs_gap,5,0.9718823154985508,0.8999999999999998
43,us,2,1,loss,12,-0.8121429946916403,-0.965034965034965
43,us,2,1,offset,12,0.5563697170889305,0.30069930069930073
43,us,2,1,abs_gap,12,0.9586309139622087,0.9580419580419581
43,us,3,-1,loss,17,-0.5597299156180295,-0.6544117647058824
43,us,3,-1,offset,17,0.9674368309841826,0.9583333333333335
43,us,3,-1,abs_gap,17,0.9659994959548037,0.9681372549019608
43,us,3,0,loss,5,0.9705360662650966,0.8999999999999998
43,us,3,0,offset,5,0.9765558223482953,0.9999999999999999
43,us,3,0,abs_gap,5,0.9688523166302768,0.8999999999999998
43,us,3,1,loss,12,-0.8574830252713099,-0.9720279720279721
43,us,3,1,offset,12,0.9644676172667348,0.9580419580419581
43,us,3,1,abs_gap,12,0.9659702780936938,0.9720279720279721
43,us,4,-1,loss,17,0.19122901416908003,-0.3970588235294118
43,us,4,-1,offset,17,0.8821119459757865,0.8700980392156864
43,us,4,-1,abs_gap,17,0.9697015306863259,0.9607843137254902
43,us,4,0,loss,5,0.9923180320751153,0.9999999999999999
43,us,4,0,offset,5,0.9940002895590074,0.9999999999999999
43,us,4,0,abs_gap,5,0.9789421968574461,0.9999999999999999
43,us,4,1,loss,12,-0.8435838293151469,-0.9440559440559443
43,us,4,1,offset,12,0.8427070173938865,0.8181818181818183
43,us,4,1,abs_gap,12,0.971953021353785,0.9440559440559443
44,emg,-1,-1,loss,85,0.2568734976345843,-0.2879421536056283
44,emg,-1,-1,offset,85,0.9695317163427233,0.9857533711158882
44,emg,-1,-1,abs_gap,85,0.8500699567043268,0.7987297244479187
44,emg,-1,0,loss,23,0.8778893753314836,0.7766798418972332
44,emg,-1,0,offset,23,0.9677053988326535,0.9673913043478262
44,emg,-1,0,abs_gap,23,0.8727780233834863,0.7618577075098815
44,emg,-1,1,loss,62,-0.6824670581059082,-0.7983430283800458
44,emg,-1,1,offset,62,0.9723545612487863,0.9876104857596132
44,emg,-1,1,abs_gap,62,0.832154104153969,0.8194454936919242
44,emg,0,-1,loss,17,-0.207955226933027,-0.43627450980392163
44,emg,0,-1,offset,17,0.9946261076553029,0.9975490196078433
44,emg,0,-1,abs_gap,17,0.9291295643205919,0.8651960784313727
44,emg,0,0,loss,4,0.8388745144578454,0.7999999999999999
44,emg,0,0,offset,4,0.9964741767429937,1.0
44,emg,0,0,abs_gap,4,0.8131740609283593,0.7999999999999999
44,emg,0,1,loss,13,-0.9602074620919252,-0.9175824175824175
44,emg,0,1,offset,13,0.9949439818413854,0.9945054945054945
44,emg,0,1,abs_gap,13,0.9531945575959571,0.9175824175824175
44,emg,1,-1,loss,17,-0.8643709985924666,-0.6176470588235294
44,emg,1,-1,offset,17,0.9740846744755716,0.9950980392156863
44,emg,1,-1,abs_gap,17,0.9483562256555329,0.2132352941176471
44,emg,1,0,loss,4,-0.46743126448977906,-0.39999999999999997
44,emg,1,0,offset,4,0.9751125098599072,1.0
44,emg,1,0,abs_gap,4,0.4356721265845297,0.0
44,emg,1,1,loss,13,-0.9205567983456993,-0.8901098901098902
44,emg,1,1,offset,13,0.9738303690103371,0.9945054945054945
44,emg,1,1,abs_gap,13,0.9514458718353773,0.23076923076923078
44,emg,2,-1,loss,17,0.7522483997907637,-0.05147058823529412
44,emg,2,-1,offset,17,0.9723356232701965,0.982843137254902
44,emg,2,-1,abs_gap,17,0.9299531741964293,0.7892156862745099
44,emg,2,0,loss,5,0.988554351266854,0.8999999999999998
44,emg,2,0,offset,5,0.991581046935563,0.9999999999999999
44,emg,2,0,abs_gap,5,0.9882594762070993,0.8999999999999998
44,emg,2,1,loss,12,-0.4611178218442161,-0.8391608391608393
44,emg,2,1,offset,12,0.9959533321927595,0.9510489510489512
44,emg,2,1,abs_gap,12,0.7340330264161344,0.7062937062937064
44,emg,3,-1,loss,17,-0.10149302417674136,-0.4607843137254902
44,emg,3,-1,offset,17,0.9894628178624323,0.9803921568627453
44,emg,3,-1,abs_gap,17,0.8816319503182468,0.9779411764705883
44,emg,3,0,loss,5,0.995122391684824,0.9999999999999999
44,emg,3,0,offset,5,0.9974258844545502,0.9999999999999999
44,emg,3,0,abs_gap,5,0.9907129451206317,0.9999999999999999
44,emg,3,1,loss,12,-0.8976778577093516,-0.9930069930069931
44,emg,3,1,offset,12,0.9896564200529908,0.9930069930069931
44,emg,3,1,abs_gap,12,0.8827460418330643,0.9720279720279721
44,emg,4,-1,loss,17,0.06119832674712675,0.21813725490196081
44,emg,4,-1,offset,17,0.903776748884187,0.8799019607843139
44,emg,4,-1,abs_gap,17,0.8777580360639433,0.26715686274509803
44,emg,4,0,loss,5,0.6691874264824061,0.6
44,emg,4,0,offset,5,0.8932229176487501,0.7999999999999999
44,emg,4,0,abs_gap,5,0.6819602479200848,0.6
44,emg,4,1,loss,12,-0.4675961870052481,-0.013986013986013986
44,emg,4,1,offset,12,0.9300099343317655,0.965034965034965
44,emg,4,1,abs_gap,12,0.9239444231411191,-0.02097902097902098
44,table,-1,-1,loss,85,-0.10977776206009146,-0.8333398475669338
44,table,-1,-1,offset,85,0.6985108413666729,0.646296658198163
44,table,-1,-1,abs_gap,85,0.9799059164925279,0.9836818448309558
44,table,-1,0,loss,23,0.3325498851540404,-0.6146245059288538
44,table,-1,0,offset,23,0.1610668105628562,-0.26778656126482214
44,table,-1,0,abs_gap,23,0.9700026430630588,0.9733201581027668
44,table,-1,1,loss,62,-0.28120804447806613,-0.9147339528090452
44,table,-1,1,offset,62,0.8220304532880773,0.822416962554456
44,table,-1,1,abs_gap,62,0.98770852548222,0.9864017526629902
44,table,0,-1,loss,17,-0.09865463252089991,-0.7500000000000001
44,table,0,-1,offset,17,0.4992512256656101,0.661764705882353
44,table,0,-1,abs_gap,17,0.9785258780829611,0.931372549019608
44,table,0,0,loss,4,0.09296658778422212,-0.39999999999999997
44,table,0,0,offset,4,-0.6438454090627788,-0.7999999999999999
44,table,0,0,abs_gap,4,0.9849193461181394,1.0
44,table,0,1,loss,13,-0.09744340401089653,-0.8681318681318682
44,table,0,1,offset,13,0.6542531851507389,0.8241758241758241
44,table,0,1,abs_gap,13,0.9875275077507601,0.9285714285714285
44,table,1,-1,loss,17,-0.5227840326556797,-0.8848039215686275
44,table,1,-1,offset,17,0.851686365684807,0.7916666666666667
44,table,1,-1,abs_gap,17,0.9915668690044758,0.9950980392156863
44,table,1,0,loss,4,-0.4372675494962502,-0.7999999999999999
44,table,1,0,offset,4,-0.7192365981687148,-0.7999999999999999
44,table,1,0,abs_gap,4,0.9910459578372436,1.0
44,table,1,1,loss,13,-0.5891248993090868,-0.9065934065934067
44,table,1,1,offset,13,0.9553165586868881,0.9230769230769231
44,table,1,1,abs_gap,13,0.9952444115254013,1.0
44,table,2,-1,loss,17,0.00972429129993551,-0.6519607843137255
44,table,2,-1,offset,17,0.6563938409515541,0.8186274509803922
44,table,2,-1,abs_gap,17,0.9686124047448623,0.8799019607843139
44,table,2,0,loss,5,0.5104890672712563,0.0
44,table,2,0,offset,5,0.4497150428399731,0.3
44,table,2,0,abs_gap,5,0.9615736761856853,0.8999999999999998
44,table,2,1,loss,12,-0.7676458309553985,-0.965034965034965
44,table,2,1,offset,12,0.8349667989107696,0.8391608391608393
44,table,2,1,abs_gap,12,0.9924708144545541,0.965034965034965
44,table,3,-1,loss,17,-0.37870154807094586,-0.9142156862745098
44,table,3,-1,offset,17,0.6972527577892066,0.6151960784313726
44,table,3,-1,abs_gap,17,0.9805920610789259,0.9877450980392157
44,table,3,0,loss,5,-0.9030677191638466,-0.9999999999999999
44,table,3,0,offset,5,-0.8162553264255246,-0.7999999999999999
44,table,3,0,abs_gap,5,0.9959688150268269,0.9999999999999999
44,table,3,1,loss,12,-0.4291241963509329,-0.8321678321678322
44,table,3,1,offset,12,0.9291761635476328,0.9020979020979022
44,table,3,1,abs_gap,12,0.9964693760943304,0.9720279720279721
44,table,4,-1,loss,17,-0.0011629843886086857,-0.732843137254902
44,table,4,-1,offset,17,0.5690702864109951,0.6446078431372549
44,table,4,-1,abs_gap,17,0.9943728776420729,0.9803921568627453
44,table,4,0,loss,5,-0.5681055698403439,-0.8999999999999998
44,table,4,0,offset,5,0.5734147682615405,0.3
44,table,4,0,abs_gap,5,0.9928427681412543,0.9999999999999999
44,table,4,1,loss,12,0.04558261898942164,-0.7202797202797203
44,table,4,1,offset,12,0.4907424293737354,0.5314685314685316
44,table,4,1,abs_gap,12,0.9957163886679536,0.9720279720279721
44,us,-1,-1,loss,85,-0.11720248096493602,-0.5985147547391049
44,us,-1,-1,offset,85,0.6946391665773233,0.6457103771741255
44,us,-1,-1,abs_gap,85,0.954292921675538,0.9464139144029706
44,us,-1,0,loss,23,0.9118158433614227,0.933794466403162
44,us,-1,0,offset,23,0.5649347747250598,0.6136363636363635
44,us,-1,0,abs_gap,23,0.909639518939099,0.9318181818181819
44,us,-1,1,loss,62,-0.5128534241471323,-0.9455566467729345
44,us,-1,1,offset,62,0.7168632109496536,0.6572738032283247
44,us,-1,1,abs_gap,62,0.960790420929993,0.9505930346755307
44,us,0,-1,loss,17,-0.1701456731694022,-0.6397058823529412
44,us,0,-1,offset,17,0.8615395210814186,0.7352941176470589
44,us,0,-1,abs_gap,17,0.9921219054101433,0.9926470588235295
44,us,0,0,loss,4,0.9869326255047479,1.0
44,us,0,0,offset,4,0.4650220826853871,0.6000000000000001
44,us,0,0,abs_gap,4,0.9850522265883703,1.0
44,us,0,1,loss,13,-0.5973840342076677,-0.9945054945054945
44,us,0,1,offset,13,0.8974956945140704,0.6978021978021978
44,us,0,1,abs_gap,13,0.9938685596847252,0.9945054945054945
44,us,1,-1,loss,17,-0.1074989837089883,-0.6715686274509804
44,us,1,-1,offset,17,0.5625171996505263,0.4754901960784314
44,us,1,-1,abs_gap,17,0.9821842610115146,0.9779411764705883
44,us,1,0,loss,4,0.9926170828653011,1.0
44,us,1,0,offset,4,0.4215364323234591,0.7999999999999999
44,us,1,0,abs_gap,4,0.9936517594221314,1.0
44,us,1,1,loss,13,-0.8346127507361178,-0.967032967032967
44,us,1,1,offset,13,0.5675519389925663,0.46153846153846156
44,us,1,1,abs_gap,13,0.982114635490974,0.967032967032967
44,us,2,-1,loss,17,-0.26168514882535915,-0.7843137254901962
44,us,2,-1,offset,17,0.924883930074835,0.8823529411764707
44,us,2,-1,abs_gap,17,0.9831226451124254,0.9926470588235295
44,us,2,0,loss,5,0.9319318289236376,0.8999999999999998
44,us,2,0,offset,5,0.8224822582171605,0.8999999999999998
44,us,2,0,abs_gap,5,0.9128400658777288,0.8999999999999998
44,us,2,1,loss,12,-0.7145688901859186,-0.9860139860139862
44,us,2,1,offset,12,0.9324525737816466,0.8251748251748254
44,us,2,1,abs_gap,12,0.9889117858796932,0.9860139860139862
44,us,3,-1,loss,17,-0.036399868251107914,-0.35539215686274517
44,us,3,-1,offset,17,0.8605106894872515,0.8553921568627452
44,us,3,-1,abs_gap,17,0.9496208232115104,0.8995098039215688
44,us,3,0,loss,5,0.9717940113980452,0.8999999999999998
44,us,3,0,offset,5,0.8853124861777326,0.8999999999999998
44,us,3,0,abs_gap,5,0.9738211585928492,0.8999999999999998
44,us,3,1,loss,12,-0.52357564949845,-0.8391608391608393
44,us,3,1,offset,12,0.857506656709304,0.8111888111888113
44,us,3,1,abs_gap,12,0.9445399123651959,0.8811188811188813
44,us,4,-1,loss,17,-0.09603507192488875,-0.47794117647058826
44,us,4,-1,offset,17,0.8424192844395892,0.8382352941176472
44,us,4,-1,abs_gap,17,0.9679360593482949,0.9019607843137255
44,us,4,0,loss,5,0.8018669743060232,0.7
44,us,4,0,offset,5,0.6172491965560025,0.6
44,us,4,0,abs_gap,5,0.9124116918784583,0.9999999999999999
44,us,4,1,loss,12,-0.8315944092500235,-0.8321678321678322
44,us,4,1,offset,12,0.8931338204909933,0.8671328671328673
44,us,4,1,abs_gap,12,0.9852223736534071,0.8321678321678322
