modality,level,metric,enhanced_change,no_noise_change,difference,ci95_low,ci95_high
emg,0.0,roc_auc,0.0,0.0,0.0,0.0,0.0
emg,0.0,accuracy,0.0,0.0,0.0,0.0,0.0
emg,0.0,sensitivity,0.0,0.0,0.0,0.0,0.0
emg,0.0,specificity,0.0,0.0,0.0,0.0,0.0
emg,0.0,balanced_accuracy,0.0,0.0,0.0,0.0,0.0
emg,0.0,f1,0.0,0.0,0.0,0.0,0.0
emg,0.0,brier,0.0,0.0,0.0,0.0,0.0
emg,0.0,log_loss,0.0,0.0,0.0,0.0,0.0
emg,0.25,roc_auc,0.0004675081813930726,0.0007012622720897754,-0.00023375409069670283,-0.01589527816736802,0.016129032258064724
emg,0.25,accuracy,0.0,-0.03529411764705892,0.03529411764705892,0.0,0.08235294117647052
emg,0.25,sensitivity,0.0,-0.048387096774193505,0.048387096774193505,0.0,0.11290322580645151
emg,0.25,specificity,0.0,0.0,0.0,0.0,0.0
emg,0.25,balanced_accuracy,0.0,-0.024193548387096753,0.024193548387096753,0.0,0.056451612903225645
emg,0.25,f1,0.0,-0.0261211832061069,0.0261211832061069,0.0,0.06076388888888884
emg,0.25,brier,-0.00033916698050240335,-0.0004612925398760903,0.00012212555937368696,-0.004314156210351444,0.0036841013870740165
emg,0.25,log_loss,-0.0023488258587928135,-0.004922766019067215,0.0025739401602744016,-0.009333865691176068,0.014626118603830333
emg,0.5,roc_auc,0.0018700327255727345,-0.036231884057971064,0.0381019167835438,-0.007252220663861858,0.09046283309957914
emg,0.5,accuracy,0.0,-0.11764705882352944,0.11764705882352944,0.02352941176470591,0.21176470588235297
emg,0.5,sensitivity,0.0,-0.24193548387096753,0.24193548387096753,0.14516129032258052,0.3548387096774194
emg,0.5,specificity,0.0,0.21739130434782616,-0.21739130434782616,-0.43478260869565216,0.0
emg,0.5,balanced_accuracy,0.0,-0.012272089761570903,0.012272089761570903,-0.10448807854137443,0.12903225806451601
emg,0.5,f1,0.0,-0.11072140843133216,0.11072140843133216,0.03878103604954052,0.19393836329409198
emg,0.5,brier,-0.00031937066007993453,0.0484174365262148,-0.04873680718629474,-0.08239336541941086,-0.016421741248943106
emg,0.5,log_loss,-0.0017942437068304562,0.11824733241457969,-0.12004157612141014,-0.21651163787641914,-0.029319755204688363
emg,1.0,roc_auc,0.007012622720897643,-0.03342683496961196,0.040439457690509606,-0.005610098176717984,0.09373539036933143
emg,1.0,accuracy,0.0,-0.11372549019607847,0.11372549019607847,0.02352941176470591,0.207843137254902
emg,1.0,sensitivity,0.0,-0.25268817204301075,0.25268817204301075,0.14516129032258085,0.36559139784946226
emg,1.0,specificity,0.0,0.26086956521739135,-0.26086956521739135,-0.4347826086956522,-0.08695652173913049
emg,1.0,balanced_accuracy,0.0,0.004090696587190301,-0.004090696587190301,-0.10939691444600275,0.09607293127629735
emg,1.0,f1,0.0,-0.111128654710138,0.111128654710138,0.03933050569693734,0.19486903023728097
emg,1.0,brier,-0.0017173043479859068,0.051926613031458485,-0.05364391737944439,-0.08871893246587917,-0.019896386449422793
emg,1.0,log_loss,-0.0061893236777268434,0.12687157603446603,-0.13306089971219287,-0.23342024575273063,-0.04027582215912726
emg,2.0,roc_auc,0.012856474988312327,-0.028050490883590462,0.04090696587190279,0.0007012622720896644,0.0848585787751287
emg,2.0,accuracy,0.0,-0.10588235294117654,0.10588235294117654,0.0235294117647058,0.19999999999999996
emg,2.0,sensitivity,-0.016129032258064613,-0.24193548387096753,0.22580645161290291,0.12903225806451601,0.33870967741935465
emg,2.0,specificity,0.04347826086956519,0.26086956521739135,-0.21739130434782616,-0.391304347826087,-0.0434782608695653
emg,2.0,balanced_accuracy,0.013674614305750232,0.009467040673212024,0.0042075736325382085,-0.0964849228611504,0.09922861150070128
emg,2.0,f1,-0.0014423076923076872,-0.10367800138792505,0.10223569369561736,0.032436596926929635,0.1824394366005927
emg,2.0,brier,-0.0021658308780298785,0.04715701190607138,-0.04932284278410126,-0.08142098914300044,-0.018904644712785242
emg,2.0,log_loss,-0.00811933229751205,0.11507933377875973,-0.12319866607627178,-0.21394861736732326,-0.040252831314446326
table,0.0,roc_auc,0.0,0.0,0.0,0.0,0.0
table,0.0,accuracy,0.0,0.0,0.0,0.0,0.0
table,0.0,sensitivity,0.0,0.0,0.0,0.0,0.0
table,0.0,specificity,0.0,0.0,0.0,0.0,0.0
table,0.0,balanced_accuracy,0.0,0.0,0.0,0.0,0.0
table,0.0,f1,0.0,0.0,0.0,0.0,0.0
table,0.0,brier,0.0,0.0,0.0,0.0,0.0
table,0.0,log_loss,0.0,0.0,0.0,0.0,0.0
table,0.25,roc_auc,0.0007012622720897754,-0.007246376811594235,0.00794763908368401,-0.006077606358111276,0.023141654978962256
table,0.25,accuracy,-0.0235294117647058,-0.02352941176470602,2.220446049250313e-16,-0.03529411764705903,0.039215686274509554
table,0.25,sensitivity,-0.016129032258064613,-0.032258064516129004,0.01612903225806439,-0.016129032258064502,0.053763440860215006
table,0.25,specificity,-0.0434782608695653,0.0,-0.0434782608695653,-0.1449275362318841,0.0579710144927536
table,0.25,balanced_accuracy,-0.029803646563814845,-0.016129032258064613,-0.013674614305750232,-0.06895745675549325,0.03892005610098159
table,0.25,f1,-0.01538461538461533,-0.01729509295777243,0.0019104775731570989,-0.022063011509584833,0.02699187405389474
table,0.25,brier,0.0035995036074823183,0.004634935943441498,-0.00103543233595918,-0.0026208280253601705,0.0006088744381403826
table,0.25,log_loss,0.003027447269861372,0.0066152391559168855,-0.0035877918860555136,-0.00885628594643565,0.0009326131754946684
table,0.5,roc_auc,-0.007012622720897532,-0.020336605890603154,0.013323983169705622,-0.0030388031790556935,0.03179055633473571
table,0.5,accuracy,-0.04313725490196063,-0.02352941176470602,-0.01960784313725461,-0.06274509803921557,0.019607843137254943
table,0.5,sensitivity,-0.032258064516129115,-0.043010752688172005,0.01075268817204289,-0.021505376344086002,0.048387096774193505
table,0.5,specificity,-0.07246376811594202,0.02898550724637672,-0.10144927536231874,-0.23188405797101463,1.124100812432769e-16
table,0.5,balanced_accuracy,-0.052360916316035455,-0.007012622720897532,-0.04534829359513792,-0.1151238896680693,0.010752688172043112
table,0.5,f1,-0.02846868499273969,-0.018581291753584916,-0.009887393239154774,-0.03650199584442392,0.01624359656291135
table,0.5,brier,0.00855945121649379,0.010737067208955092,-0.0021776159924613014,-0.006244695753451848,0.001734695883515232
table,0.5,log_loss,0.01518064168797889,0.021048374742294818,-0.005867733054315927,-0.017852851623545756,0.004674502099126104
table,1.0,roc_auc,-0.04230949041608223,-0.05469845722300137,0.012388966806919144,-0.011687704534829257,0.037868162692847096
table,1.0,accuracy,-0.06274509803921569,-0.04313725490196085,-0.019607843137254832,-0.06274509803921569,0.019607843137254943
table,1.0,sensitivity,-0.037634408602150615,-0.037634408602150504,-1.1102230246251565e-16,-0.021505376344086002,0.021505376344086002
table,1.0,specificity,-0.13043478260869573,-0.0579710144927536,-0.07246376811594213,-0.2318840579710144,0.05797101449275366
table,1.0,balanced_accuracy,-0.08403459560542315,-0.04780271154745208,-0.036231884057971064,-0.11325385694249657,0.03167367928938758
table,1.0,f1,-0.040326340326340304,-0.029141943130936543,-0.011184397195403761,-0.03757139339521144,0.012666755020437572
table,1.0,brier,0.024606499663069784,0.02697985526916294,-0.0023733556060931554,-0.011227284137142973,0.005398440005946775
table,1.0,log_loss,0.06182425369076794,0.06496195353845574,-0.0031376998476878026,-0.025061235952795458,0.01654377675835357
table,2.0,roc_auc,-0.10939691444600275,-0.11804581580177653,0.008648901355773786,-0.02150537634408589,0.042075736325385416
table,2.0,accuracy,-0.07843137254901966,-0.07843137254901966,0.0,-0.03921568627450989,0.03529411764705903
table,2.0,sensitivity,-0.010752688172043001,-0.02150537634408589,0.01075268817204289,-0.016129032258064502,0.037634408602150615
table,2.0,specificity,-0.26086956521739135,-0.23188405797101447,-0.028985507246376885,-0.15942028985507262,0.08695652173913043
table,2.0,balanced_accuracy,-0.13581112669471707,-0.1266947171575502,-0.009116409537166859,-0.07889200561009813,0.050724637681159424
table,2.0,f1,-0.04567884559104929,-0.04615275436491151,0.0004739087738622194,-0.024078708369553777,0.02336785387083951
table,2.0,brier,0.0502847885549285,0.04752765077971502,0.0027571377752134835,-0.007114560220513131,0.011869545925906676
table,2.0,log_loss,0.14482671020800852,0.13191673452566072,0.012909975682347807,-0.016511442861336195,0.03988998280680703
us,0.0,roc_auc,0.0,0.0,0.0,0.0,0.0
us,0.0,accuracy,0.0,0.0,0.0,0.0,0.0
us,0.0,sensitivity,0.0,0.0,0.0,0.0,0.0
us,0.0,specificity,0.0,0.0,0.0,0.0,0.0
us,0.0,balanced_accuracy,0.0,0.0,0.0,0.0,0.0
us,0.0,f1,0.0,0.0,0.0,0.0,0.0
us,0.0,brier,0.0,0.0,0.0,0.0,0.0
us,0.0,log_loss,0.0,0.0,0.0,0.0,0.0
us,0.25,roc_auc,0.0009350163627863672,0.010752688172043001,-0.009817671809256634,-0.03576437587657777,0.015194015895278246
us,0.25,accuracy,-0.0039215686274509665,-0.0235294117647058,0.019607843137254832,-0.0470588235294116,0.0862745098039216
us,0.25,sensitivity,-0.005376344086021501,-0.09677419354838701,0.09139784946236551,0.032258064516129004,0.16666666666666674
us,0.25,specificity,0.0,0.17391304347826086,-0.17391304347826086,-0.34782608695652173,-0.04347826086956519
us,0.25,balanced_accuracy,-0.0026881720430106393,0.03856942496493687,-0.04125759700794751,-0.12798036465638152,0.03740065451145391
us,0.25,f1,-0.0028225004969191225,-0.025992050974701808,0.023169550477782686,-0.0210843403924896,0.07443296166813
us,0.25,brier,-0.00024315703053248705,0.0013732731360409506,-0.0016164301665734376,-0.01528433626290171,0.01139866803319609
us,0.25,log_loss,-0.0027139541510277643,-0.007540820152211636,0.0048268660011838715,-0.03027648319915196,0.042715220915141176
us,0.5,roc_auc,-0.002337540906965807,0.011220196353436185,-0.013557737260401992,-0.0374006545114538,0.008415147265077194
us,0.5,accuracy,-0.03137254901960773,-0.007843137254901933,-0.0235294117647058,-0.0862745098039216,0.03921568627450989
us,0.5,sensitivity,-0.043010752688172116,-0.09139784946236551,0.048387096774193394,-0.005376344086021612,0.11290322580645162
us,0.5,specificity,0.0,0.21739130434782616,-0.21739130434782616,-0.391304347826087,-0.0434782608695653
us,0.5,balanced_accuracy,-0.021505376344086002,0.0629967274427301,-0.08450210378681611,-0.17928938756428225,-0.002921926133707231
us,0.5,f1,-0.02289079850595599,-0.015707386144582447,-0.007183412361373542,-0.049200154778822995,0.03847649187822569
us,0.5,brier,0.001431129624023142,0.0015339238600130395,-0.00010279423598989756,-0.011643866625883572,0.010961578794574949
us,0.5,log_loss,0.002118112862445898,-0.005927845852924218,0.008045958715370116,-0.022385451590993997,0.04147681991771211
us,1.0,roc_auc,0.0018700327255727345,-0.36524076671341743,0.36711079943899017,0.22662166900420755,0.5093560074801308
us,1.0,accuracy,-0.0470588235294116,-0.17647058823529427,0.12941176470588267,0.0039215686274510775,0.2470588235294119
us,1.0,sensitivity,-0.08064516129032262,-0.13978494623655924,0.05913978494623662,-0.08064516129032284,0.19354838709677424
us,1.0,specificity,0.04347826086956519,-0.2753623188405797,0.3188405797101449,0.05797101449275366,0.5652173913043479
us,1.0,balanced_accuracy,-0.01858345021037877,-0.2075736325385693,0.18899018232819054,0.04347241701729779,0.3307620383356706
us,1.0,f1,-0.03672456575682381,-0.11877736120294125,0.08205279544611743,-0.008436243590088809,0.16994513812704934
us,1.0,brier,0.0023451634709260594,0.13308581820967014,-0.13074065473874408,-0.189402774705218,-0.0733984857465049
us,1.0,log_loss,0.005122528948967808,3.845155081360996,-3.840032552412028,-5.817904625702088,-2.11000053197603
us,2.0,roc_auc,0.0021037868162693263,-0.34712482468443195,0.3492286115007013,0.2166900420757364,0.47720897615708274
us,2.0,accuracy,-0.0470588235294116,-0.09411764705882364,0.04705882352941204,-0.04705882352941182,0.12941176470588245
us,2.0,sensitivity,-0.08064516129032262,0.06451612903225812,-0.14516129032258074,-0.25806451612903214,-0.048387096774193505
us,2.0,specificity,0.04347826086956519,-0.5217391304347826,0.5652173913043478,0.34782608695652173,0.7391304347826088
us,2.0,balanced_accuracy,-0.01858345021037877,-0.22861150070126224,0.21002805049088347,0.09710729312762974,0.31872370266479666
us,2.0,f1,-0.03672456575682381,-0.04195876824012046,0.005234202483296646,-0.06337209041000348,0.06441359113409195
us,2.0,brier,0.0022693828665968085,0.11498053313447473,-0.11271115026787792,-0.15749655675458862,-0.06627245756699299
us,2.0,log_loss,0.004946422350681323,5.370939198841108,-5.365992776490427,-7.314198456518284,-3.382237656383066
