setting,modality,level,comparison,metric,estimate,ci95_low,ci95_high
positive_margin,emg,0.0,corrupted_minus_clean,roc_auc,0.0,0.0,0.0
positive_margin,emg,0.0,corrupted_minus_clean,accuracy,0.0,0.0,0.0
positive_margin,emg,0.0,corrupted_minus_clean,sensitivity,0.0,0.0,0.0
positive_margin,emg,0.0,corrupted_minus_clean,specificity,0.0,0.0,0.0
positive_margin,emg,0.0,corrupted_minus_clean,balanced_accuracy,0.0,0.0,0.0
positive_margin,emg,0.0,corrupted_minus_clean,f1,0.0,0.0,0.0
positive_margin,emg,0.0,corrupted_minus_clean,brier,0.0,0.0,0.0
positive_margin,emg,0.0,corrupted_minus_clean,log_loss,0.0,0.0,0.0
positive_margin,emg,0.25,corrupted_minus_clean,roc_auc,0.0032725572697521743,-0.011220196353436296,0.018934081346423492
positive_margin,emg,0.25,corrupted_minus_clean,accuracy,0.0,-0.03529411764705881,0.03529411764705881
positive_margin,emg,0.25,corrupted_minus_clean,sensitivity,0.0,-0.048387096774193505,0.048387096774193505
positive_margin,emg,0.25,corrupted_minus_clean,specificity,0.0,0.0,0.0
positive_margin,emg,0.25,corrupted_minus_clean,balanced_accuracy,0.0,-0.024193548387096753,0.024193548387096753
positive_margin,emg,0.25,corrupted_minus_clean,f1,0.0,-0.025636292882054837,0.025470653377630104
positive_margin,emg,0.25,corrupted_minus_clean,brier,-0.0031843530124240904,-0.009650958262018637,0.0031549323797591847
positive_margin,emg,0.25,corrupted_minus_clean,log_loss,-0.006835115574501449,-0.02325840501424777,0.00982642240796547
positive_margin,emg,0.5,corrupted_minus_clean,roc_auc,-0.023375409069658737,-0.07012622720897599,0.02080411407199612
positive_margin,emg,0.5,corrupted_minus_clean,accuracy,-0.10588235294117654,-0.20000000000000007,-0.01176470588235301
positive_margin,emg,0.5,corrupted_minus_clean,sensitivity,-0.24193548387096753,-0.3548387096774194,-0.14516129032258052
positive_margin,emg,0.5,corrupted_minus_clean,specificity,0.26086956521739135,0.08695652173913049,0.4347826086956522
positive_margin,emg,0.5,corrupted_minus_clean,balanced_accuracy,0.009467040673212024,-0.09361851332398308,0.11816269284712477
positive_margin,emg,0.5,corrupted_minus_clean,f1,-0.10367800138792505,-0.18706280410279338,-0.03267664905069486
positive_margin,emg,0.5,corrupted_minus_clean,brier,0.0519028281353814,0.016459594268720856,0.0888516205459747
positive_margin,emg,0.5,corrupted_minus_clean,log_loss,0.13789545348858323,0.04684871190392956,0.2370231239862935
positive_margin,emg,1.0,corrupted_minus_clean,roc_auc,-0.02244039270687237,-0.07012622720897621,0.02174497428705003
positive_margin,emg,1.0,corrupted_minus_clean,accuracy,-0.10588235294117654,-0.20000000000000007,-0.0117647058823529
positive_margin,emg,1.0,corrupted_minus_clean,sensitivity,-0.25806451612903225,-0.3709677419354839,-0.16129032258064502
positive_margin,emg,1.0,corrupted_minus_clean,specificity,0.30434782608695654,0.13043478260869568,0.47826086956521746
positive_margin,emg,1.0,corrupted_minus_clean,balanced_accuracy,0.023141654978962256,-0.08485273492286116,0.13429172510518939
positive_margin,emg,1.0,corrupted_minus_clean,f1,-0.10771840542832911,-0.19516844048805296,-0.0328947368421053
positive_margin,emg,1.0,corrupted_minus_clean,brier,0.05650487427392835,0.01970795159880489,0.0954528663519559
positive_margin,emg,1.0,corrupted_minus_clean,log_loss,0.151848146555138,0.05407606375254721,0.25784981670841706
positive_margin,emg,2.0,corrupted_minus_clean,roc_auc,-0.016129032258064502,-0.06102734922861169,0.02805049088359035
positive_margin,emg,2.0,corrupted_minus_clean,accuracy,-0.11764705882352944,-0.21176470588235297,-0.02352941176470591
positive_margin,emg,2.0,corrupted_minus_clean,sensitivity,-0.27419354838709675,-0.3870967741935484,-0.16129032258064535
positive_margin,emg,2.0,corrupted_minus_clean,specificity,0.30434782608695654,0.13043478260869568,0.47826086956521746
positive_margin,emg,2.0,corrupted_minus_clean,balanced_accuracy,0.015077138849929894,-0.09361851332398319,0.12622720897615713
positive_margin,emg,2.0,corrupted_minus_clean,f1,-0.11914104301919104,-0.2101724668650071,-0.04043405871771033
positive_margin,emg,2.0,corrupted_minus_clean,brier,0.05282410795125368,0.017599144827778895,0.09069243150967837
positive_margin,emg,2.0,corrupted_minus_clean,log_loss,0.14150024868630273,0.04752667705620764,0.24386599301263376
positive_margin,table,0.0,corrupted_minus_clean,roc_auc,0.0,0.0,0.0
positive_margin,table,0.0,corrupted_minus_clean,accuracy,0.0,0.0,0.0
positive_margin,table,0.0,corrupted_minus_clean,sensitivity,0.0,0.0,0.0
positive_margin,table,0.0,corrupted_minus_clean,specificity,0.0,0.0,0.0
positive_margin,table,0.0,corrupted_minus_clean,balanced_accuracy,0.0,0.0,0.0
positive_margin,table,0.0,corrupted_minus_clean,f1,0.0,0.0,0.0
positive_margin,table,0.0,corrupted_minus_clean,brier,0.0,0.0,0.0
positive_margin,table,0.0,corrupted_minus_clean,log_loss,0.0,0.0,0.0
positive_margin,table,0.25,corrupted_minus_clean,roc_auc,-0.0032725572697522853,-0.017531556802244164,0.010752688172043001
positive_margin,table,0.25,corrupted_minus_clean,accuracy,-0.03921568627450989,-0.0745098039215687,-0.007843137254901933
positive_margin,table,0.25,corrupted_minus_clean,sensitivity,-0.053763440860215006,-0.09677419354838712,-0.016129032258064502
positive_margin,table,0.25,corrupted_minus_clean,specificity,0.0,-0.07246376811594213,0.05797101449275366
positive_margin,table,0.25,corrupted_minus_clean,balanced_accuracy,-0.026881720430107614,-0.07035998129967269,0.010986442262739485
positive_margin,table,0.25,corrupted_minus_clean,f1,-0.029126212737299317,-0.055995137939013985,-0.006804429375558131
positive_margin,table,0.25,corrupted_minus_clean,brier,0.0033250344615220334,-0.002842871906951593,0.009562524634117078
positive_margin,table,0.25,corrupted_minus_clean,log_loss,0.0058589098277803675,-0.010674881557154256,0.02169674609756504
positive_margin,table,0.5,corrupted_minus_clean,roc_auc,-0.011687704534829368,-0.03810191678354358,0.014025245441795287
positive_margin,table,0.5,corrupted_minus_clean,accuracy,-0.03529411764705892,-0.0862745098039216,0.011764705882352903
positive_margin,table,0.5,corrupted_minus_clean,sensitivity,-0.043010752688172005,-0.09677419354838712,0.005376344086021612
positive_margin,table,0.5,corrupted_minus_clean,specificity,-0.01449275362318836,-0.1449275362318841,0.08695652173913043
positive_margin,table,0.5,corrupted_minus_clean,balanced_accuracy,-0.028751753155680237,-0.09934548854604941,0.029803646563814845
positive_margin,table,0.5,corrupted_minus_clean,f1,-0.025400029359953002,-0.06116476789212378,0.006899439687917997
positive_margin,table,0.5,corrupted_minus_clean,brier,0.007492665438901744,-0.005128856051010068,0.020097330765949144
positive_margin,table,0.5,corrupted_minus_clean,log_loss,0.018438626459548635,-0.015247364729235104,0.04994345563285068
positive_margin,table,1.0,corrupted_minus_clean,roc_auc,-0.04791958859280043,-0.0946704067321178,-0.004675081813931834
positive_margin,table,1.0,corrupted_minus_clean,accuracy,-0.05882352941176483,-0.11764705882352944,-0.0039215686274509665
positive_margin,table,1.0,corrupted_minus_clean,sensitivity,-0.037634408602150504,-0.09677419354838701,0.016129032258064613
positive_margin,table,1.0,corrupted_minus_clean,specificity,-0.1159420289855072,-0.27536231884057966,0.028985507246376774
positive_margin,table,1.0,corrupted_minus_clean,balanced_accuracy,-0.0767882187938288,-0.1583683964469378,-0.0024544179523141585
positive_margin,table,1.0,corrupted_minus_clean,f1,-0.0376489400100265,-0.07718783722430732,-0.0016115375694786096
positive_margin,table,1.0,corrupted_minus_clean,brier,0.021820202419718285,-0.0019144340570740128,0.044889642649133296
positive_margin,table,1.0,corrupted_minus_clean,log_loss,0.061957370348740326,0.0007929752961810316,0.11952914371082989
positive_margin,table,2.0,corrupted_minus_clean,roc_auc,-0.11687704534829357,-0.19097709209911173,-0.046984572230014066
positive_margin,table,2.0,corrupted_minus_clean,accuracy,-0.054901960784313864,-0.1215686274509804,0.0117647058823529
positive_margin,table,2.0,corrupted_minus_clean,sensitivity,0.005376344086021501,-0.05376344086021512,0.06989247311827962
positive_margin,table,2.0,corrupted_minus_clean,specificity,-0.21739130434782605,-0.4057971014492754,-0.04347826086956519
positive_margin,table,2.0,corrupted_minus_clean,balanced_accuracy,-0.10600748013090233,-0.20558672276764844,-0.011804581580177605
positive_margin,table,2.0,corrupted_minus_clean,f1,-0.029809592950036712,-0.07313538432250627,0.014226850499148042
positive_margin,table,2.0,corrupted_minus_clean,brier,0.04313452439321318,0.008694587379464052,0.07598615901127703
positive_margin,table,2.0,corrupted_minus_clean,log_loss,0.1358848630663857,0.04305983523377178,0.2250389074248959
positive_margin,us,0.0,corrupted_minus_clean,roc_auc,0.0,0.0,0.0
positive_margin,us,0.0,corrupted_minus_clean,accuracy,0.0,0.0,0.0
positive_margin,us,0.0,corrupted_minus_clean,sensitivity,0.0,0.0,0.0
positive_margin,us,0.0,corrupted_minus_clean,specificity,0.0,0.0,0.0
positive_margin,us,0.0,corrupted_minus_clean,balanced_accuracy,0.0,0.0,0.0
positive_margin,us,0.0,corrupted_minus_clean,f1,0.0,0.0,0.0
positive_margin,us,0.0,corrupted_minus_clean,brier,0.0,0.0,0.0
positive_margin,us,0.0,corrupted_minus_clean,log_loss,0.0,0.0,0.0
positive_margin,us,0.25,corrupted_minus_clean,roc_auc,0.00911640953716697,-0.018700327255726904,0.03950444132772324
positive_margin,us,0.25,corrupted_minus_clean,accuracy,-0.031372549019607954,-0.0980392156862745,0.03137254901960784
positive_margin,us,0.25,corrupted_minus_clean,sensitivity,-0.09139784946236551,-0.16666666666666685,-0.026881720430107614
positive_margin,us,0.25,corrupted_minus_clean,specificity,0.13043478260869568,0.0,0.26086956521739135
positive_margin,us,0.25,corrupted_minus_clean,balanced_accuracy,0.019518466573165028,-0.051075268817204256,0.10378681626928454
positive_margin,us,0.25,corrupted_minus_clean,f1,-0.02992729964841878,-0.08030327723124335,0.013017446927149737
positive_margin,us,0.25,corrupted_minus_clean,brier,0.0014436509234828504,-0.015894542063180497,0.020036494332043145
positive_margin,us,0.25,corrupted_minus_clean,log_loss,0.006674838751873191,-0.035956636647335116,0.05322003569944133
positive_margin,us,0.5,corrupted_minus_clean,roc_auc,0.00911640953716697,-0.019167835437120195,0.03973819541841972
positive_margin,us,0.5,corrupted_minus_clean,accuracy,-0.0117647058823529,-0.08235294117647052,0.04705882352941193
positive_margin,us,0.5,corrupted_minus_clean,sensitivity,-0.08064516129032251,-0.16129032258064513,-0.016129032258064502
positive_margin,us,0.5,corrupted_minus_clean,specificity,0.17391304347826086,0.04347826086956519,0.34782608695652173
positive_margin,us,0.5,corrupted_minus_clean,balanced_accuracy,0.04663394109396923,-0.032258064516129004,0.13604488078541366
positive_margin,us,0.5,corrupted_minus_clean,f1,-0.016643724189713494,-0.06633021491368488,0.026302729528535962
positive_margin,us,0.5,corrupted_minus_clean,brier,0.002514367300509482,-0.015364608562605202,0.021815099356496084
positive_margin,us,0.5,corrupted_minus_clean,log_loss,0.009960816647711257,-0.033750979946126865,0.05778054959834319
positive_margin,us,1.0,corrupted_minus_clean,roc_auc,-0.3812529219261337,-0.5033894343151004,-0.2609864422627396
positive_margin,us,1.0,corrupted_minus_clean,accuracy,-0.09411764705882364,-0.16470588235294126,-0.02352941176470591
positive_margin,us,1.0,corrupted_minus_clean,sensitivity,0.06451612903225812,0.016129032258064502,0.12903225806451613
positive_margin,us,1.0,corrupted_minus_clean,specificity,-0.5217391304347826,-0.7391304347826088,-0.30434782608695654
positive_margin,us,1.0,corrupted_minus_clean,balanced_accuracy,-0.22861150070126224,-0.3317759467040671,-0.11991584852734927
positive_margin,us,1.0,corrupted_minus_clean,f1,-0.04195876824012046,-0.08669514317354843,0.0053021208483393645
positive_margin,us,1.0,corrupted_minus_clean,brier,0.1182522024959596,0.0769436140327588,0.16037856969334432
positive_margin,us,1.0,corrupted_minus_clean,log_loss,5.400229459914559,3.417154825243521,7.305298765048004
positive_margin,us,2.0,corrupted_minus_clean,roc_auc,-0.34712482468443195,-0.46739130434782605,-0.22930399719495093
positive_margin,us,2.0,corrupted_minus_clean,accuracy,-0.09411764705882364,-0.16470588235294126,-0.02352941176470591
positive_margin,us,2.0,corrupted_minus_clean,sensitivity,0.06451612903225812,0.016129032258064502,0.12903225806451613
positive_margin,us,2.0,corrupted_minus_clean,specificity,-0.5217391304347826,-0.7391304347826088,-0.30434782608695654
positive_margin,us,2.0,corrupted_minus_clean,balanced_accuracy,-0.22861150070126224,-0.3317759467040671,-0.11991584852734927
positive_margin,us,2.0,corrupted_minus_clean,f1,-0.04195876824012046,-0.08669514317354843,0.0053021208483393645
positive_margin,us,2.0,corrupted_minus_clean,brier,0.11301620208643785,0.0719705827151221,0.15485066540186765
positive_margin,us,2.0,corrupted_minus_clean,log_loss,5.380976494680309,3.395968541775965,7.292375431946119
