setting,seed,fold,modality,n,pearson,spearman,covariance,q_mean,q_std,q_mean_minus_one_third
equal_late,42,0,us,17,-0.33934264352471943,-0.6176470588235294,-0.005866825965678656,0.10556434350747773,0.030582251177058668,-0.22776898982585558
equal_late,42,0,emg,17,-0.04802398645705325,0.5490196078431373,-0.00021074868994607686,0.05824994270656034,0.013091241054317797,-0.275083390626773
equal_late,42,0,table,17,-0.1289737028278501,-0.8651960784313727,-0.013346592682730645,0.2133734378242112,0.08907877661253617,-0.11995989550912212
equal_late,42,1,us,17,0.13975641676649936,-0.31617647058823534,0.0030787179507443187,0.10095422761055874,0.030296094792432064,-0.2323791057227746
equal_late,42,1,emg,17,-0.17043973020622055,-0.573529411764706,-0.005620185646101779,0.09598287527639064,0.053214801274285684,-0.23735045805694266
equal_late,42,1,table,17,-0.2332008812366676,-0.7892156862745099,-0.02332379592095253,0.19288914531558,0.09975509791310559,-0.14044418801775332
equal_late,42,2,us,17,-0.0016024587111376776,-0.573529411764706,-0.00019409641575681056,0.1916877675361516,0.07334044936766815,-0.1416455657971817
equal_late,42,2,emg,17,0.8250120437213246,0.2034313725490196,0.024482564289860505,0.08555467546174264,0.034348186860774434,-0.24777865787159067
equal_late,42,2,table,17,-0.3410831975819806,-0.9338235294117647,-0.04700050854141342,0.3277180275974414,0.10664608928769766,-0.005615305735891918
equal_late,42,3,us,17,-0.5483557337772154,-0.5441176470588236,-0.00818957756752304,0.09360668401816272,0.030861484938622164,-0.2397266493151706
equal_late,42,3,emg,17,0.8409293938165963,-0.10049019607843139,0.010410479765550412,0.07923544207642286,0.02044187022616112,-0.25409789125691046
equal_late,42,3,table,17,-0.461953947849449,-0.9338235294117647,-0.03412257984633403,0.21247619113621433,0.10778178255625387,-0.12085714219711899
equal_late,42,4,us,17,-0.25209936150622925,-0.625,-0.0017912265847090307,0.09690568466339029,0.011253602113223357,-0.23642764866994304
equal_late,42,4,emg,17,0.1696815862168118,-0.05392156862745098,0.0025008182699479955,0.07250946194240718,0.029547237131618904,-0.2608238713909261
equal_late,42,4,table,17,-0.5406527579852423,-0.931372549019608,-0.012087880158334546,0.10783955960725625,0.055460442217142886,-0.22549377372607707
equal_late,43,0,us,17,0.445444921298767,-0.15441176470588236,0.00527607201179447,0.09455385904651935,0.017612942081187542,-0.23877947428681395
equal_late,43,0,emg,17,-0.007283413780573497,-0.42892156862745107,-0.00015723376095316767,0.08991442487509162,0.03092404963331523,-0.2434189084582417
equal_late,43,0,table,17,-0.35671320055867906,-0.8259803921568629,-0.0200274497768708,0.17418058155397684,0.06662936437879276,-0.15915275177935648
equal_late,43,1,us,17,-0.28969967225353715,-0.6519607843137255,-0.006128979274752677,0.10254473765466954,0.02890956386338628,-0.23078859567866378
equal_late,43,1,emg,17,-0.04384163475252878,-0.4436274509803922,-1.8960951362034217e-05,0.07711534248391949,0.0020911974926242317,-0.2562179908494138
equal_late,43,1,table,17,-0.09640167020535867,-0.5220588235294118,-0.016089664069585362,0.24161811492911506,0.10640607290047531,-0.09171521840421826
equal_late,43,2,us,17,-0.03617071012856311,-0.7401960784313727,-0.0055629680207862995,0.21412549283944982,0.09178991314762158,-0.1192078404938835
equal_late,43,2,emg,17,0.894146253736497,0.4803921568627451,0.014347042460055524,0.08216670352601924,0.024419543432675474,-0.2511666298073141
equal_late,43,2,table,17,-0.2984861053166241,-0.8872549019607844,-0.06983310225695417,0.39125163194229806,0.13653199348782416,0.05791829860896475
equal_late,43,3,us,17,-0.30621890004680075,-0.5073529411764706,-0.002724432405717397,0.0906415143949294,0.0190781544293259,-0.2426918189384039
equal_late,43,3,emg,17,-0.04916755886368704,-0.4338235294117647,-0.0011225262104370898,0.10769009654791413,0.03267581363950533,-0.2256432367854192
equal_late,43,3,table,17,-0.704265169374797,-0.9558823529411765,-0.016403312528952513,0.15780829048614473,0.07115235038780299,-0.1755250428471886
equal_late,43,4,us,17,0.15520268485963834,-0.44852941176470595,0.004435020077096897,0.12762799727412033,0.031316040692789954,-0.20570533605921298
equal_late,43,4,emg,17,-0.07954119338658326,-0.13480392156862747,-0.0002967639189117462,0.08605677778683936,0.008333856520992616,-0.24727655554649397
equal_late,43,4,table,17,0.09076839606397422,-0.6446078431372549,0.00821451620367732,0.17904867129927987,0.07310693748878842,-0.15428466203405344
equal_late,44,0,us,17,0.10643587487221963,-0.4534313725490197,0.006664191821047123,0.15460886858854067,0.04507409520259351,-0.17872446474479264
equal_late,44,0,emg,17,-0.5671774990415689,-0.5686274509803922,-0.00045669623363499046,0.06866915985981226,0.005343980998692521,-0.26466417347352106
equal_late,44,0,table,17,-0.15810117020093845,-0.7352941176470589,-0.02150797536695119,0.20232293264752588,0.08551184797991788,-0.13101040068580744
equal_late,44,1,us,17,0.14993025680417754,-0.40441176470588236,0.001500342959006648,0.08906290469835679,0.014873764128480738,-0.24427042863497653
equal_late,44,1,emg,17,-0.275731629377555,-0.49509803921568635,-0.0006397185450291016,0.06909333901103495,0.0067308373298593125,-0.2642399943222984
equal_late,44,1,table,17,-0.5987531301109233,-0.8946078431372549,-0.0339741364734753,0.1832605713131777,0.10007411346419,-0.15007276202015563
equal_late,44,2,us,17,-0.1815912747822738,-0.7671568627450981,-0.01240231428924951,0.17439912190767068,0.05974327117736153,-0.15893421142566264
equal_late,44,2,emg,17,0.8305738274948793,0.49019607843137264,0.003933728804106268,0.06204942710406908,0.013536749367677797,-0.27128390622926424
equal_late,44,2,table,17,-0.11717095102181282,-0.8921568627450982,-0.02972127787670394,0.3957600920490948,0.13044817557176341,0.06242675871576148
equal_late,44,3,us,17,0.07677075315884074,-0.3602941176470589,0.00045837900105438544,0.09083990481377867,0.01192791564094432,-0.24249342851955463
equal_late,44,3,emg,17,0.4774552097956622,-0.34313725490196084,0.0015489107636761728,0.08852382193345125,0.007134405774749577,-0.24480951139988205
equal_late,44,3,table,17,-0.5764395436792071,-0.9460784313725492,-0.015496114850405395,0.14283435744807702,0.06875489058524424,-0.1904989758852563
equal_late,44,4,us,17,-0.14558829465217005,-0.6568627450980393,-0.0007619115352389296,0.09756685329154087,0.00975217334598931,-0.23576648004179246
equal_late,44,4,emg,17,-0.16415824519988925,-0.1985294117647059,-0.0019523333256840465,0.06956403593613347,0.02345226938280593,-0.26376929739719984
equal_late,44,4,table,17,-0.038505244662170424,-0.7205882352941178,-0.002304015604257675,0.1475505755555649,0.05797988114530422,-0.18578275777776843
positive_margin,42,0,us,17,-0.043995411034353546,-0.5637254901960785,-0.0022802928321004248,0.2303482781090272,0.06332820406163421,-0.10298505522430612
positive_margin,42,0,emg,17,-0.19348308262264247,-0.49019607843137264,-0.003980451640711288,0.11752072149930916,0.04476854316526304,-0.21581261183402417
positive_margin,42,0,table,17,-0.026390076611920554,-0.8553921568627452,-0.0032914128020228206,0.27153020626505614,0.09863573679378261,-0.061803127068277175
positive_margin,42,1,us,17,-0.24613647254451074,-0.6176470588235294,-0.012596520380920283,0.21378371766877569,0.06406216717430369,-0.11954961566455763
positive_margin,42,1,emg,17,-0.20008670740821413,-0.5171568627450981,-0.014010805259921636,0.1683099647191298,0.10649110268355265,-0.16502336861420352
positive_margin,42,1,table,17,-0.2543811408657143,-0.8357843137254902,-0.032615539083052085,0.31692372735111746,0.11950272175228649,-0.016409605982215858
positive_margin,42,2,us,17,-0.22749198548675223,-0.7426470588235294,-0.06900574299801635,0.4567731569884382,0.15325341083769212,0.12343982365510486
positive_margin,42,2,emg,17,0.6046731251525244,-0.10294117647058824,0.031058507924992897,0.10446343962451576,0.0654165691588429,-0.22886989370881755
positive_margin,42,2,table,17,-0.43037841794730114,-0.9534313725490198,-0.07690370036105021,0.45962982151423665,0.1302212850860195,0.12629648818090333
positive_margin,42,3,us,17,0.13894344660205143,-0.38970588235294124,0.01827428272898954,0.28429035175559864,0.10629417606805185,-0.04904298157773468
positive_margin,42,3,emg,17,0.14901202694499127,-0.06617647058823531,0.0015077125225368118,0.07236972110498038,0.024978731689332352,-0.26096361222835296
positive_margin,42,3,table,17,-0.4384384303692081,-0.9534313725490198,-0.09689526614048774,0.40300976880308814,0.1831524147510271,0.06967643546975483
positive_margin,42,4,us,17,0.3865400342620971,-0.26470588235294124,0.013613184361917639,0.18321135653166423,0.03601204250380364,-0.15012197680166908
positive_margin,42,4,emg,17,-0.07673388170929488,-0.5759803921568628,-0.003553838641882052,0.22039830378543823,0.07157528770056064,-0.11293502954789508
positive_margin,42,4,table,17,-0.4928611639772972,-0.9583333333333335,-0.028272413032510265,0.22200872405389144,0.0929920811380591,-0.11132460927944188
positive_margin,43,0,us,17,0.1389200455770897,-0.46323529411764713,0.010113254839882157,0.23922039385444832,0.05982644104171394,-0.094112939478885
positive_margin,43,0,emg,17,-0.15357901598240514,-0.41421568627450983,-0.009361731298276143,0.17266916403728244,0.09686109454871795,-0.16066416929605087
positive_margin,43,0,table,17,-0.29728233655025793,-0.8480392156862745,-0.04362110642158194,0.3006350102404277,0.11731503150113531,-0.0326983230929056
positive_margin,43,1,us,17,-0.03775704937347313,-0.536764705882353,-0.003870263691795254,0.2566863968504056,0.08415199367215169,-0.0766469364829277
positive_margin,43,1,emg,17,-0.1484414050927729,-0.482843137254902,-0.000793130893339878,0.12491214579102553,0.01745000122702219,-0.2084211875423078
positive_margin,43,1,table,17,-0.12146758303768983,-0.6200980392156864,-0.02617347616833209,0.3575357935177643,0.12562109174283692,0.024202460184431007
positive_margin,43,2,us,17,-0.40054427149399285,-0.7622549019607844,-0.01582941696663845,0.21443316293476286,0.04739272294019298,-0.11890017039857045
positive_margin,43,2,emg,17,0.7276239720303679,0.28186274509803927,0.015190880180482336,0.12151420988301259,0.03467342437479373,-0.21181912345032072
positive_margin,43,2,table,17,-0.2819997583218815,-0.928921568627451,-0.06117522638052,0.4187121569698433,0.13085898046227692,0.08537882363651
positive_margin,43,3,us,17,-0.5597299292755058,-0.6544117647058824,-0.00673183548590294,0.1280055178901077,0.030708514927577937,-0.20532781544322562
positive_margin,43,3,emg,17,0.2806210761229157,-0.33333333333333337,0.017357874928365973,0.167928043892596,0.09735004105736872,-0.16540528944073732
positive_margin,43,3,table,17,-0.6420360375069476,-0.9632352941176472,-0.031203805793589702,0.2605824918206653,0.13219121461837238,-0.07275084151266803
positive_margin,43,4,us,17,0.1912290075249941,-0.3970588235294118,0.012531277365250037,0.27338768971524674,0.057403711566794226,-0.059945643618086575
positive_margin,43,4,emg,17,0.33510031436158083,-0.10049019607843139,0.005067416286995821,0.22007291984317626,0.026092011388492858,-0.11326041349015706
positive_margin,43,4,table,17,0.1534714619487958,-0.6666666666666667,0.03621717894086785,0.3081908307381195,0.13083623850526838,-0.025142502595213834
positive_margin,44,0,us,17,-0.17014563283843798,-0.6397058823529412,-0.01900116172556306,0.28443444505808657,0.07890338288764599,-0.048898888275246744
positive_margin,44,0,emg,17,-0.20795522419909668,-0.43627450980392163,-0.006479567555027239,0.10964026772855147,0.08156409805460689,-0.22369306560478186
positive_margin,44,0,table,17,-0.09865465456452696,-0.7500000000000001,-0.020513459339551728,0.2966878857837525,0.10805821419149705,-0.03664544754958082
positive_margin,44,1,us,17,-0.10749898132407296,-0.6715686274509804,-0.006892138813817002,0.23623406649040982,0.05237197632221398,-0.0970992668429235
positive_margin,44,1,emg,17,-0.8643709826277696,-0.6176470588235294,-0.004508664136138887,0.051521617458458076,0.027746363494059952,-0.28181171587487525
positive_margin,44,1,table,17,-0.5227840484640683,-0.8848039215686275,-0.09290296410454499,0.3623077070260622,0.193690253703204,0.028974373692728872
positive_margin,44,2,us,17,-0.2616851287136004,-0.7843137254901962,-0.024772831662020506,0.2748851795085928,0.10108692046882263,-0.0584481538247405
positive_margin,44,2,emg,17,0.7522484179299369,-0.05147058823529412,0.08059686094993491,0.1470255498791336,0.10484336501698753,-0.1863077834541997
positive_margin,44,2,table,17,0.009724276748314714,-0.6519607843137255,0.0032652104878703046,0.5013404693372758,0.1463977561873243,0.16800713600394251
positive_margin,44,3,us,17,-0.036399876119019965,-0.35539215686274517,-0.001677611501713664,0.21699441210279757,0.05632439574230608,-0.11633892123053574
positive_margin,44,3,emg,17,-0.10149296125767193,-0.4607843137254902,-0.003196678140794046,0.2098904249240982,0.05342158314393475,-0.12344290840923511
positive_margin,44,3,table,17,-0.37870154000031253,-0.9142156862745098,-0.048744554385032376,0.3072831821341347,0.1433939854914226,-0.026050151199198623
positive_margin,44,4,us,17,-0.09603502161857952,-0.47794117647058826,-0.0032645462401616437,0.19492507798771144,0.045358898174612576,-0.13840825534562187
positive_margin,44,4,emg,17,0.061198380804617744,0.21813725490196081,0.002499788548584289,0.11270254529804467,0.06221969987976102,-0.22063078803528863
positive_margin,44,4,table,17,-0.0011630485084594133,-0.732843137254902,-0.0002730560162500509,0.3154889154704339,0.12935138256198306,-0.01784441786289942
rank0,42,0,us,17,0.017046573976791456,-0.47058823529411764,0.001577814780983886,0.24834147709064497,0.0812181398623624,-0.08499185624268835
rank0,42,0,emg,17,-0.29056888252251367,-0.5416666666666667,-0.004040828403433887,0.09525974733759983,0.02676126629464612,-0.23807358599573347
rank0,42,0,table,17,-0.09105206848299938,-0.8578431372549021,-0.012068291443952264,0.293399988070979,0.10489818759272271,-0.039933345262354314
rank0,42,1,us,17,0.03873454130352796,-0.43627450980392163,0.0028335381428041453,0.21993528815281502,0.05952059511855577,-0.1133980451805183
rank0,42,1,emg,17,0.5247007063283128,0.5220588235294118,0.0003244382381270763,0.09027659560860647,0.00705042998824814,-0.24305673772472686
rank0,42,1,table,17,-0.4165200104075989,-0.8946078431372549,-0.05113960561535897,0.31965476735369813,0.14093021052474491,-0.013678565979635182
rank0,42,2,us,17,-0.05754062877118991,-0.6176470588235294,-0.008706338178562992,0.28228571674738545,0.09562691976207727,-0.051047616585947864
rank0,42,2,emg,17,0.5058443740691947,0.27450980392156865,0.00477382406695582,0.12760965192697277,0.024920515256425423,-0.20572368140636055
rank0,42,2,table,17,-0.32992742949699494,-0.9436274509803922,-0.0627927310930633,0.47107201967443757,0.12208094297280943,0.13773868634110426
rank0,42,3,us,17,-0.2295835590495266,-0.5759803921568628,-0.031922779001940724,0.28538410941407194,0.10964456161924364,-0.047949223919261375
rank0,42,3,emg,17,0.6088199176619741,-0.09068627450980393,0.0024225305780745414,0.08933348202536473,0.013279942778942202,-0.24399985130796858
rank0,42,3,table,17,-0.3770369138407974,-0.9240196078431374,-0.06289968991466449,0.36426890469578366,0.14618264017360863,0.030935571362450343
rank0,42,4,us,17,-0.14153302799278022,-0.6053921568627452,-0.005452806867081983,0.21544166496948575,0.04984157011225505,-0.11789166836384757
rank0,42,4,emg,17,0.1646925149076488,-0.38970588235294124,0.016197179800105075,0.24190353272878565,0.08180238122296132,-0.09142980060454767
rank0,42,4,table,17,-0.46285056774144145,-0.9509803921568628,-0.044193568307470045,0.2759216487906429,0.11898326120334579,-0.05741168454269041
rank0,43,0,us,17,-0.42015912758141694,-0.7818627450980392,-0.016282305642851633,0.1833474091431723,0.05598086602925061,-0.14998592419016102
rank0,43,0,emg,17,0.012576775558601969,-0.28921568627450983,0.0009400454609222342,0.1576570397404713,0.08440961050505687,-0.17567629359286202
rank0,43,0,table,17,-0.2565959771774937,-0.8284313725490197,-0.04280264719567185,0.31561023574374486,0.12479192648502768,-0.017723097589588455
rank0,43,1,us,17,0.2185503667413127,-0.3308823529411765,0.022662120058243806,0.22603823144016158,0.06389694743793614,-0.10729510189317173
rank0,43,1,emg,17,0.10378233857369765,-0.14215686274509806,8.2535452357951e-06,0.08252580911441953,0.000463751654363968,-0.2508075242189138
rank0,43,1,table,17,-0.31427833357796114,-0.6004901960784315,-0.065116822167991,0.3653689500017349,0.14130793796236235,0.0320356166684016
rank0,43,2,us,17,-0.24627868666414707,-0.7205882352941178,-0.029255525592963058,0.2998665424663635,0.09367548854382944,-0.0334667908669698
rank0,43,2,emg,17,0.9001380349003225,0.20833333333333337,0.030714758562140173,0.08509078185576836,0.04795766360306966,-0.24824255147756497
rank0,43,2,table,17,-0.32794583334397015,-0.9558823529411765,-0.08104486235759512,0.45699190839290293,0.13481472023343513,0.12365857505956962
rank0,43,3,us,17,-0.5126605910080644,-0.607843137254902,-0.010354384687307967,0.14537542504371215,0.04239642860040957,-0.18795790828962117
rank0,43,3,emg,17,0.1582844534385878,-0.3504901960784314,0.010109206911309836,0.1786431435083107,0.08120811323349326,-0.1546901898250226
rank0,43,3,table,17,-0.5755859366631264,-0.9779411764705883,-0.0314749861073395,0.28728356903640223,0.13696392077541059,-0.046049764296931084
rank0,43,4,us,17,0.11972030740289946,-0.5098039215686275,0.008766905653568777,0.27561343599121013,0.06794045032677858,-0.05771989734212318
rank0,43,4,emg,17,0.03744215428812446,-0.22549019607843138,0.00033452097029472775,0.18208428694644496,0.023217248602323624,-0.15124904638688835
rank0,43,4,table,17,0.17401456088941347,-0.6666666666666667,0.04344498490554119,0.31182896044215686,0.13586966015602486,-0.02150437289117646
rank0,44,0,us,17,0.13076790403270466,-0.4093137254901961,0.007985315325982274,0.216277310747975,0.05441402769284247,-0.11705602258535833
rank0,44,0,emg,17,-0.3359128729018527,-0.5245098039215687,-0.0016812703530154833,0.10189879049918643,0.01872922599101858,-0.23143454283414688
rank0,44,0,table,17,-0.04593247304711462,-0.6887254901960785,-0.007971469354972244,0.2691501937527358,0.09510062318333397,-0.06418313958059751
rank0,44,1,us,17,0.17737199580801535,-0.44117647058823534,0.01367585542820127,0.23222012030753736,0.0525419079888471,-0.10111321302579596
rank0,44,1,emg,17,-0.8501690016323362,-0.7279411764705883,-0.006624450771074941,0.08813110243157746,0.034445840676580325,-0.24520223090175586
rank0,44,1,table,17,-0.48890546700268367,-0.8872549019607844,-0.07827849829371065,0.3518866170926559,0.1689937538523342,0.01855328375932258
rank0,44,2,us,17,0.18033513128719286,-0.4754901960784314,0.02925184069765999,0.26579531988069494,0.08951586337441889,-0.06753801345263838
rank0,44,2,emg,17,0.49496572373896985,0.44852941176470595,0.01783129377554068,0.14291956004359854,0.0621304756883774,-0.19041377328973477
rank0,44,2,table,17,-0.10539683505490131,-0.8137254901960784,-0.030873007759905927,0.4849061234248013,0.14247126826185663,0.151572790091468
rank0,44,3,us,17,-0.17734537511496778,-0.5220588235294118,-0.017397128845270806,0.27050729328302875,0.08097094196904467,-0.06282604005030457
rank0,44,3,emg,17,-0.06288802115071201,-0.22794117647058826,-0.0006936018225430507,0.15317107052902712,0.02218940762215154,-0.1801622628043062
rank0,44,3,table,17,-0.3456242255823573,-0.9264705882352943,-0.055376622981192766,0.34808988223542886,0.15526547148725586,0.014756548902095545
rank0,44,4,us,17,0.04114311019378861,-0.6053921568627452,0.0017742728316577166,0.2063111659592883,0.043643086243968864,-0.127022167374045
rank0,44,4,emg,17,-0.006922373948210631,0.03186274509803922,-0.00024746819771174675,0.1258026230825991,0.04786842893462481,-0.20753071025073422
rank0,44,4,table,17,0.035398346717073016,-0.7009803921568628,0.009127255817908622,0.32987545410530833,0.1345734424024653,-0.003457879228024985
original,42,0,us,17,0.24103606521149426,-0.35539215686274517,0.03992433542818934,0.30821781710872925,0.0944336320041146,-0.025115516224604062
original,42,0,emg,17,-0.30967868827705536,-0.43627450980392163,-0.0030959113294664552,0.0947384813151492,0.021396013571977558,-0.23859485201818412
original,42,0,table,17,-0.08891212489035798,-0.8725490196078433,-0.015761343749632093,0.3344551514525363,0.12083228844373604,0.0011218181192029775
original,42,1,us,17,-0.01906571316239633,-0.4730392156862746,-0.00030301061689820324,0.15869241266025486,0.024815624664321474,-0.17464092067307846
original,42,1,emg,17,-0.5653838303421301,-0.573529411764706,-0.010014161746356385,0.13100294631846474,0.06283249524028116,-0.20233038701486858
original,42,1,table,17,-0.40306332825214947,-0.8553921568627452,-0.043046873192952265,0.28882428909778096,0.12323026240749715,-0.04450904423555235
original,42,2,us,17,-0.3135064994684732,-0.8357843137254902,-0.021198327582862508,0.23562782940159016,0.064397406132726,-0.09770550393174315
original,42,2,emg,17,0.7245007693052548,0.3186274509803922,0.016257792417872938,0.16518308811525625,0.027972316659600583,-0.16815024521807706
original,42,2,table,17,-0.3476137029461041,-0.931372549019608,-0.058935592308018946,0.44050690495012873,0.11423598589474027,0.10717357161679542
original,42,3,us,17,-0.3484659299527139,-0.6838235294117648,-0.01387013449866354,0.2013487681575202,0.06170661023020977,-0.1319845651758131
original,42,3,emg,17,-0.08175047557048255,-0.25490196078431376,-0.0005893601256849395,0.11457333298451915,0.01676530483225276,-0.21876000034881415
original,42,3,table,17,-0.3832162037315985,-0.9460784313725492,-0.05522840489959109,0.3404500584706429,0.1386412470308977,0.0071167251373095985
original,42,4,us,17,-0.6300638909483516,-0.8284313725490197,-0.011204491315834876,0.18978739252266918,0.037761044949477615,-0.14354594081066413
original,42,4,emg,17,-0.22780139172245664,-0.25000000000000006,-0.005159082390998392,0.18535744170202406,0.056597027003172054,-0.14797589163130925
original,42,4,table,17,-0.48158316408946317,-0.9632352941176472,-0.0473794453178764,0.28402127365167745,0.12299436223132712,-0.04931205968165586
original,43,0,us,17,0.29763600738786417,-0.32107843137254904,0.01906243779502074,0.21123607367087882,0.04956877349048173,-0.1220972596624545
original,43,0,emg,17,-0.07655265029503566,-0.42401960784313725,-0.005048098265850269,0.15847702159138155,0.07142850533595849,-0.17485631174195176
original,43,0,table,17,-0.2717636037476298,-0.8284313725490197,-0.04598795351310299,0.31753009544397504,0.12502168825483734,-0.01580323788935828
original,43,1,us,17,-0.5543870820468659,-0.6127450980392157,-0.015962788960739285,0.17162609212048907,0.047249084767947654,-0.16170724121284424
original,43,1,emg,17,0.160922933863628,-0.10539215686274511,0.00023244314595201928,0.08970857064787083,0.011747058748542528,-0.2436247626854625
original,43,1,table,17,-0.2003083213605295,-0.5980392156862745,-0.044709596624943705,0.3705547997891796,0.13786322851767768,0.037221466455846286
original,43,2,us,17,-0.19659586783543048,-0.698529411764706,-0.01226125865600745,0.2463552702437226,0.05145729128505929,-0.0869780630896107
original,43,2,emg,17,0.640892820520554,0.13480392156862747,0.026701458521828335,0.14371829769901487,0.04223963700664946,-0.18961503563431845
original,43,2,table,17,-0.3270660288804415,-0.9607843137254902,-0.07722667776996962,0.4475416171265111,0.13359001610282878,0.11420828379317777
original,43,3,us,17,0.2615924410000243,-0.29901960784313725,0.012142129751158512,0.1666531201903238,0.051942018219329505,-0.16668021314300951
original,43,3,emg,17,-0.2805355578761852,-0.6127450980392157,-0.006241098057380034,0.17572984160273908,0.05029543685443672,-0.15760349173059424
original,43,3,table,17,-0.5275588398746389,-0.9779411764705883,-0.04092140270557602,0.31179372844993847,0.1408757155128741,-0.021539604883394847
original,43,4,us,17,0.02976006407614898,-0.6127450980392157,0.0017352165814180833,0.26086227712860754,0.056265531745918904,-0.07247105620472577
original,43,4,emg,17,0.06690997053180779,-0.30637254901960786,0.0008829883915734319,0.19623589008218556,0.022025221194651532,-0.13709744325114775
original,43,4,table,17,0.1740992641151916,-0.6299019607843138,0.03612297630570907,0.288200652154263,0.12155123600081262,-0.04513268117907032
original,44,0,us,17,-0.1696792142779908,-0.6838235294117648,-0.006660220100388946,0.20205441671673433,0.04486864142439372,-0.131278916616599
original,44,0,emg,17,0.13970522764032356,-0.29656862745098045,0.004127641214267453,0.11232079382618028,0.04152761999125812,-0.22101253950715305
original,44,0,table,17,-0.04927277052059663,-0.6764705882352942,-0.008392837560992685,0.26844407246159036,0.09412701994568229,-0.06488926087174296
original,44,1,us,17,0.20078615157337185,-0.45833333333333337,0.009728985495617626,0.20769796978468857,0.03661496055347676,-0.12563536354864474
original,44,1,emg,17,-0.6593365783827345,-0.31127450980392163,-0.0005039973403707001,0.07532087603886674,0.006554423341920386,-0.2580124572944666
original,44,1,table,17,-0.4808711768417861,-0.8872549019607844,-0.07791791699677085,0.3491073946773875,0.1713254406247628,0.01577406134405418
original,44,2,us,17,-0.04174375341784827,-0.6470588235294119,-0.006793938145687573,0.3009073291104081,0.09349783826327641,-0.03242600422292524
original,44,2,emg,17,0.7008132470653912,-0.022058823529411766,0.046475719528748446,0.1602478490192521,0.0686877643654666,-0.17308548431408122
original,44,2,table,17,-0.12301508569276537,-0.7083333333333334,-0.031808045155672586,0.4662005654642164,0.1331783334409213,0.13286723213088308
original,44,3,us,17,0.08229346397980807,-0.03921568627450981,3.457114635377614e-05,0.07995620472460663,0.002556632101046141,-0.2533771286087267
original,44,3,emg,17,-0.19608277991232467,-0.5980392156862745,-0.0005699715361143536,0.12336416939576372,0.008956426086746056,-0.2099691639375696
original,44,3,table,17,-0.10771498985647177,-0.11764705882352941,-0.00012391674984947687,0.07631659539055792,0.0102088086251717,-0.2570167379427754
original,44,4,us,17,-0.4716928885300981,-0.5833333333333334,-0.004600985439412819,0.15723772638661643,0.0268290824261303,-0.1760956069467169
original,44,4,emg,17,0.24186689403711983,-0.14460784313725492,0.00596671816343535,0.11799948794647633,0.040335552737564666,-0.215333845386857
original,44,4,table,17,0.0441269252619525,-0.661764705882353,0.010392403719727583,0.31548411374818597,0.12699623557706272,-0.017849219585147347
